id,amount
2024 Aug_sector 1,12690.878
2024 Aug_sector 2,29836.77
2024 Aug_sector 3,24577.39
2024 Aug_sector 4,25375.379
2024 Aug_sector 5,29098.398
2024 Aug_sector 6,20686.756
2024 Aug_sector 7,17521.58
2024 Aug_sector 8,23462.01
2024 Aug_sector 9,29837.604
2024 Aug_sector 10,22990.096
2024 Aug_sector 11,12690.878
2024 Aug_sector 12,23462.01
2024 Aug_sector 13,36348.367
2024 Aug_sector 14,33306.61
2024 Aug_sector 15,37270.867
2024 Aug_sector 16,37141.395
2024 Aug_sector 17,35166.734
2024 Aug_sector 18,40272.19
2024 Aug_sector 19,29786.982
2024 Aug_sector 20,34242.08
2024 Aug_sector 21,35703.805
2024 Aug_sector 22,36219.33
2024 Aug_sector 23,32772.832
2024 Aug_sector 24,32635.277
2024 Aug_sector 25,1001.66956
2024 Aug_sector 26,4183.205
2024 Aug_sector 27,4045.764
2024 Aug_sector 28,5162.0073
2024 Aug_sector 29,6008.7773
2024 Aug_sector 30,4653.8066
2024 Aug_sector 31,2144.2463
2024 Aug_sector 32,4471.1616
2024 Aug_sector 33,4106.517
2024 Aug_sector 34,4806.9863
2024 Aug_sector 35,1066.4043
2024 Aug_sector 36,4883.675
2024 Aug_sector 37,1468.7543
2024 Aug_sector 38,457.66806
2024 Aug_sector 39,0.0
2024 Aug_sector 40,2133.521
2024 Aug_sector 41,3094.0483
2024 Aug_sector 42,1012.4786
2024 Aug_sector 43,1821.895
2024 Aug_sector 44,2687.9336
2024 Aug_sector 45,1591.9169
2024 Aug_sector 46,3613.8438
2024 Aug_sector 47,3317.3179
2024 Aug_sector 48,3296.1206
2024 Aug_sector 49,16222.337
2024 Aug_sector 50,11948.635
2024 Aug_sector 51,17937.281
2024 Aug_sector 52,11653.439
2024 Aug_sector 53,16724.12
2024 Aug_sector 54,11873.274
2024 Aug_sector 55,10452.371
2024 Aug_sector 56,15056.307
2024 Aug_sector 57,11447.608
2024 Aug_sector 58,16205.755
2024 Aug_sector 59,13740.272
2024 Aug_sector 60,15199.016
2024 Aug_sector 61,15615.155
2024 Aug_sector 62,16515.125
2024 Aug_sector 63,15786.511
2024 Aug_sector 64,20753.451
2024 Aug_sector 65,19066.244
2024 Aug_sector 66,17393.059
2024 Aug_sector 67,21013.98
2024 Aug_sector 68,19594.324
2024 Aug_sector 69,21680.871
2024 Aug_sector 70,19679.57
2024 Aug_sector 71,17615.664
2024 Aug_sector 72,20809.807
2024 Aug_sector 73,69529.55
2024 Aug_sector 74,59859.93
2024 Aug_sector 75,65368.477
2024 Aug_sector 76,57613.85
2024 Aug_sector 77,66066.14
2024 Aug_sector 78,61522.957
2024 Aug_sector 79,66273.37
2024 Aug_sector 80,64557.207
2024 Aug_sector 81,63865.21
2024 Aug_sector 82,65333.34
2024 Aug_sector 83,67763.35
2024 Aug_sector 84,87719.54
2024 Aug_sector 85,44343.39
2024 Aug_sector 86,34846.28
2024 Aug_sector 87,44255.227
2024 Aug_sector 88,48549.934
2024 Aug_sector 89,44156.39
2024 Aug_sector 90,48808.95
2024 Aug_sector 91,33638.285
2024 Aug_sector 92,44339.01
2024 Aug_sector 93,38749.94
2024 Aug_sector 94,36469.832
2024 Aug_sector 95,36777.18
2024 Aug_sector 96,42701.37
2024 Sep_sector 1,0.0
2024 Sep_sector 2,0.0
2024 Sep_sector 3,0.0
2024 Sep_sector 4,0.0
2024 Sep_sector 5,2233.499
2024 Sep_sector 6,0.0
2024 Sep_sector 7,0.0
2024 Sep_sector 8,0.0
2024 Sep_sector 9,10.382813
2024 Sep_sector 10,0.0
2024 Sep_sector 11,0.0
2024 Sep_sector 12,0.0
2024 Sep_sector 13,24639.42
2024 Sep_sector 14,24670.473
2024 Sep_sector 15,30076.139
2024 Sep_sector 16,27490.602
2024 Sep_sector 17,26575.195
2024 Sep_sector 18,28477.29
2024 Sep_sector 19,23000.191
2024 Sep_sector 20,24927.482
2024 Sep_sector 21,29313.688
2024 Sep_sector 22,24670.473
2024 Sep_sector 23,21133.424
2024 Sep_sector 24,26238.586
2024 Sep_sector 25,11807.097
2024 Sep_sector 26,7965.0947
2024 Sep_sector 27,9641.842
2024 Sep_sector 28,8323.444
2024 Sep_sector 29,14920.4795
2024 Sep_sector 30,7118.528
2024 Sep_sector 31,10245.045
2024 Sep_sector 32,7718.2515
2024 Sep_sector 33,7950.114
2024 Sep_sector 34,7490.0205
2024 Sep_sector 35,5248.7734
2024 Sep_sector 36,7904.7524
2024 Sep_sector 37,10534.253
2024 Sep_sector 38,10045.814
2024 Sep_sector 39,11667.574
2024 Sep_sector 40,8875.255
2024 Sep_sector 41,9836.929
2024 Sep_sector 42,8528.332
2024 Sep_sector 43,3549.1748
2024 Sep_sector 44,9924.476
2024 Sep_sector 45,10588.782
2024 Sep_sector 46,9589.99
2024 Sep_sector 47,5970.124
2024 Sep_sector 48,10688.101
2024 Sep_sector 49,32162.62
2024 Sep_sector 50,31567.26
2024 Sep_sector 51,31582.111
2024 Sep_sector 52,31532.89
2024 Sep_sector 53,39333.89
2024 Sep_sector 54,29713.842
2024 Sep_sector 55,27714.037
2024 Sep_sector 56,31966.225
2024 Sep_sector 57,35012.08
2024 Sep_sector 58,32048.12
2024 Sep_sector 59,34273.66
2024 Sep_sector 60,34210.297
2024 Sep_sector 61,32169.426
2024 Sep_sector 62,32577.969
2024 Sep_sector 63,32863.1
2024 Sep_sector 64,32451.947
2024 Sep_sector 65,31883.08
2024 Sep_sector 66,29944.455
2024 Sep_sector 67,24850.47
2024 Sep_sector 68,29790.2
2024 Sep_sector 69,31374.088
2024 Sep_sector 70,30307.305
2024 Sep_sector 71,32114.361
2024 Sep_sector 72,32451.947
2024 Sep_sector 73,56624.707
2024 Sep_sector 74,46834.82
2024 Sep_sector 75,40588.387
2024 Sep_sector 76,37401.477
2024 Sep_sector 77,48931.156
2024 Sep_sector 78,45726.37
2024 Sep_sector 79,51332.53
2024 Sep_sector 80,41768.496
2024 Sep_sector 81,50336.85
2024 Sep_sector 82,41569.24
2024 Sep_sector 83,41110.336
2024 Sep_sector 84,40908.855
2024 Sep_sector 85,31325.55
2024 Sep_sector 86,34203.434
2024 Sep_sector 87,31675.275
2024 Sep_sector 88,35892.29
2024 Sep_sector 89,31021.559
2024 Sep_sector 90,31908.229
2024 Sep_sector 91,19424.832
2024 Sep_sector 92,29877.74
2024 Sep_sector 93,31038.31
2024 Sep_sector 94,31101.035
2024 Sep_sector 95,32202.14
2024 Sep_sector 96,30103.506
2024 Oct_sector 1,78227.62
2024 Oct_sector 2,76525.875
2024 Oct_sector 3,69995.2
2024 Oct_sector 4,70137.13
2024 Oct_sector 5,69065.875
2024 Oct_sector 6,69207.016
2024 Oct_sector 7,80552.586
2024 Oct_sector 8,67206.22
2024 Oct_sector 9,69785.914
2024 Oct_sector 10,71616.39
2024 Oct_sector 11,67013.48
2024 Oct_sector 12,72727.234
2024 Oct_sector 13,22297.18
2024 Oct_sector 14,25371.941
2024 Oct_sector 15,12915.002
2024 Oct_sector 16,20925.584
2024 Oct_sector 17,33996.625
2024 Oct_sector 18,22232.379
2024 Oct_sector 19,11070.754
2024 Oct_sector 20,24745.283
2024 Oct_sector 21,24702.744
2024 Oct_sector 22,23255.613
2024 Oct_sector 23,26159.832
2024 Oct_sector 24,22497.617
2024 Oct_sector 25,11463.276
2024 Oct_sector 26,8326.36
2024 Oct_sector 27,8638.964
2024 Oct_sector 28,5741.881
2024 Oct_sector 29,9576.754
2024 Oct_sector 30,4967.1865
2024 Oct_sector 31,0.0
2024 Oct_sector 32,9522.511
2024 Oct_sector 33,4571.339
2024 Oct_sector 34,7894.6006
2024 Oct_sector 35,7512.422
2024 Oct_sector 36,7073.2974
2024 Oct_sector 37,6437.104
2024 Oct_sector 38,6609.9717
2024 Oct_sector 39,8779.547
2024 Oct_sector 40,7712.8706
2024 Oct_sector 41,6632.0703
2024 Oct_sector 42,8509.694
2024 Oct_sector 43,4492.6006
2024 Oct_sector 44,6698.792
2024 Oct_sector 45,7473.9243
2024 Oct_sector 46,7709.532
2024 Oct_sector 47,7918.283
2024 Oct_sector 48,7004.532
2024 Oct_sector 49,32683.545
2024 Oct_sector 50,31226.938
2024 Oct_sector 51,39095.312
2024 Oct_sector 52,42775.332
2024 Oct_sector 53,46672.004
2024 Oct_sector 54,40627.695
2024 Oct_sector 55,19930.422
2024 Oct_sector 56,28388.656
2024 Oct_sector 57,28396.363
2024 Oct_sector 58,27631.59
2024 Oct_sector 59,31181.74
2024 Oct_sector 60,41523.824
2024 Oct_sector 61,28886.129
2024 Oct_sector 62,32726.535
2024 Oct_sector 63,31400.795
2024 Oct_sector 64,37907.71
2024 Oct_sector 65,39338.79
2024 Oct_sector 66,38408.504
2024 Oct_sector 67,27910.977
2024 Oct_sector 68,34424.777
2024 Oct_sector 69,33625.348
2024 Oct_sector 70,33783.63
2024 Oct_sector 71,34402.566
2024 Oct_sector 72,41045.27
2024 Oct_sector 73,23340.588
2024 Oct_sector 74,15744.18
2024 Oct_sector 75,14451.788
2024 Oct_sector 76,17355.309
2024 Oct_sector 77,14586.03
2024 Oct_sector 78,16861.195
2024 Oct_sector 79,9276.987
2024 Oct_sector 80,14493.713
2024 Oct_sector 81,19620.695
2024 Oct_sector 82,17599.725
2024 Oct_sector 83,15901.112
2024 Oct_sector 84,18424.365
2024 Oct_sector 85,23598.293
2024 Oct_sector 86,25979.08
2024 Oct_sector 87,24648.42
2024 Oct_sector 88,24880.45
2024 Oct_sector 89,22665.865
2024 Oct_sector 90,26020.945
2024 Oct_sector 91,21847.938
2024 Oct_sector 92,23624.682
2024 Oct_sector 93,24419.451
2024 Oct_sector 94,23048.781
2024 Oct_sector 95,21693.389
2024 Oct_sector 96,23657.36
2024 Nov_sector 1,13389.559
2024 Nov_sector 2,10938.492
2024 Nov_sector 3,10774.232
2024 Nov_sector 4,16440.87
2024 Nov_sector 5,12859.121
2024 Nov_sector 6,17301.37
2024 Nov_sector 7,11520.79
2024 Nov_sector 8,13405.669
2024 Nov_sector 9,13274.653
2024 Nov_sector 10,12269.507
2024 Nov_sector 11,15884.296
2024 Nov_sector 12,12931.857
2024 Nov_sector 13,77534.68
2024 Nov_sector 14,46933.316
2024 Nov_sector 15,46780.895
2024 Nov_sector 16,42467.105
2024 Nov_sector 17,90292.055
2024 Nov_sector 18,42148.797
2024 Nov_sector 19,38519.113
2024 Nov_sector 20,56273.266
2024 Nov_sector 21,59636.145
2024 Nov_sector 22,29026.096
2024 Nov_sector 23,59063.63
2024 Nov_sector 24,67974.76
2024 Nov_sector 25,24347.293
2024 Nov_sector 26,22710.26
2024 Nov_sector 27,23216.553
2024 Nov_sector 28,25420.812
2024 Nov_sector 29,26970.441
2024 Nov_sector 30,22556.742
2024 Nov_sector 31,12717.864
2024 Nov_sector 32,16671.33
2024 Nov_sector 33,20766.564
2024 Nov_sector 34,18072.936
2024 Nov_sector 35,20814.09
2024 Nov_sector 36,21520.502
2024 Nov_sector 37,76924.555
2024 Nov_sector 38,65577.48
2024 Nov_sector 39,70597.56
2024 Nov_sector 40,69270.44
2024 Nov_sector 41,81312.9
2024 Nov_sector 42,70303.5
2024 Nov_sector 43,53532.465
2024 Nov_sector 44,71495.47
2024 Nov_sector 45,69841.89
2024 Nov_sector 46,75288.516
2024 Nov_sector 47,74542.29
2024 Nov_sector 48,73353.11
2024 Nov_sector 49,22548.111
2024 Nov_sector 50,18750.79
2024 Nov_sector 51,18359.314
2024 Nov_sector 52,22069.83
2024 Nov_sector 53,16363.994
2024 Nov_sector 54,23929.605
2024 Nov_sector 55,19192.975
2024 Nov_sector 56,19570.156
2024 Nov_sector 57,21842.445
2024 Nov_sector 58,23221.807
2024 Nov_sector 59,22977.828
2024 Nov_sector 60,26529.994
2024 Nov_sector 61,84800.38
2024 Nov_sector 62,95101.89
2024 Nov_sector 63,83046.305
2024 Nov_sector 64,84444.95
2024 Nov_sector 65,89929.664
2024 Nov_sector 66,91231.875
2024 Nov_sector 67,67473.305
2024 Nov_sector 68,77823.484
2024 Nov_sector 69,85228.2
2024 Nov_sector 70,83897.125
2024 Nov_sector 71,87159.05
2024 Nov_sector 72,81870.195
2024 Nov_sector 73,13688.096
2024 Nov_sector 74,14745.898
2024 Nov_sector 75,11074.858
2024 Nov_sector 76,10667.131
2024 Nov_sector 77,12427.018
2024 Nov_sector 78,16420.12
2024 Nov_sector 79,11543.824
2024 Nov_sector 80,12303.46
2024 Nov_sector 81,14126.808
2024 Nov_sector 82,12804.342
2024 Nov_sector 83,11256.904
2024 Nov_sector 84,17217.516
2024 Nov_sector 85,60095.215
2024 Nov_sector 86,66004.0
2024 Nov_sector 87,69258.15
2024 Nov_sector 88,64491.195
2024 Nov_sector 89,94789.195
2024 Nov_sector 90,57286.137
2024 Nov_sector 91,44366.02
2024 Nov_sector 92,73791.41
2024 Nov_sector 93,60923.52
2024 Nov_sector 94,71736.88
2024 Nov_sector 95,74085.28
2024 Nov_sector 96,62086.844
2024 Dec_sector 1,0.0
2024 Dec_sector 2,0.0
2024 Dec_sector 3,0.0
2024 Dec_sector 4,0.0
2024 Dec_sector 5,0.0
2024 Dec_sector 6,0.0
2024 Dec_sector 7,0.0
2024 Dec_sector 8,0.0
2024 Dec_sector 9,0.0
2024 Dec_sector 10,0.0
2024 Dec_sector 11,0.0
2024 Dec_sector 12,0.0
2024 Dec_sector 13,75262.375
2024 Dec_sector 14,77590.4
2024 Dec_sector 15,77404.19
2024 Dec_sector 16,82118.12
2024 Dec_sector 17,90169.14
2024 Dec_sector 18,74120.13
2024 Dec_sector 19,69681.83
2024 Dec_sector 20,81149.33
2024 Dec_sector 21,77411.52
2024 Dec_sector 22,83061.91
2024 Dec_sector 23,85550.97
2024 Dec_sector 24,75038.43
2024 Dec_sector 25,3233.455
2024 Dec_sector 26,5397.7275
2024 Dec_sector 27,7206.072
2024 Dec_sector 28,7259.6675
2024 Dec_sector 29,6028.3896
2024 Dec_sector 30,5339.111
2024 Dec_sector 31,1259.3405
2024 Dec_sector 32,4768.117
2024 Dec_sector 33,8755.791
2024 Dec_sector 34,1254.2971
2024 Dec_sector 35,0.0
2024 Dec_sector 36,6594.158
2024 Dec_sector 37,1310.0791
2024 Dec_sector 38,1133.0789
2024 Dec_sector 39,579.53015
2024 Dec_sector 40,0.0
2024 Dec_sector 41,0.0
2024 Dec_sector 42,0.0
2024 Dec_sector 43,0.0
2024 Dec_sector 44,0.0
2024 Dec_sector 45,194.22717
2024 Dec_sector 46,0.0
2024 Dec_sector 47,0.0
2024 Dec_sector 48,1275.8151
2024 Dec_sector 49,944.33484
2024 Dec_sector 50,3179.3445
2024 Dec_sector 51,3872.1572
2024 Dec_sector 52,603.71045
2024 Dec_sector 53,0.0
2024 Dec_sector 54,2914.3262
2024 Dec_sector 55,0.0
2024 Dec_sector 56,3863.5051
2024 Dec_sector 57,5397.085
2024 Dec_sector 58,1458.9465
2024 Dec_sector 59,2137.5498
2024 Dec_sector 60,3349.197
2024 Dec_sector 61,9681.112
2024 Dec_sector 62,5327.477
2024 Dec_sector 63,4544.7983
2024 Dec_sector 64,9868.134
2024 Dec_sector 65,8176.886
2024 Dec_sector 66,5416.394
2024 Dec_sector 67,6826.9907
2024 Dec_sector 68,3536.327
2024 Dec_sector 69,4869.2417
2024 Dec_sector 70,3341.2659
2024 Dec_sector 71,4242.2607
2024 Dec_sector 72,2075.7488
2024 Dec_sector 73,34840.8
2024 Dec_sector 74,32166.152
2024 Dec_sector 75,26853.219
2024 Dec_sector 76,34400.21
2024 Dec_sector 77,42243.26
2024 Dec_sector 78,27874.895
2024 Dec_sector 79,30255.24
2024 Dec_sector 80,32393.803
2024 Dec_sector 81,43505.008
2024 Dec_sector 82,41973.96
2024 Dec_sector 83,43921.98
2024 Dec_sector 84,38920.23
2024 Dec_sector 85,62409.65
2024 Dec_sector 86,60600.684
2024 Dec_sector 87,69520.945
2024 Dec_sector 88,62799.137
2024 Dec_sector 89,76101.68
2024 Dec_sector 90,70365.79
2024 Dec_sector 91,43547.94
2024 Dec_sector 92,61949.867
2024 Dec_sector 93,60420.926
2024 Dec_sector 94,69246.38
2024 Dec_sector 95,70352.305
2024 Dec_sector 96,59477.64
2025 Jan_sector 1,10435.516
2025 Jan_sector 2,8914.326
2025 Jan_sector 3,8991.242
2025 Jan_sector 4,10390.34
2025 Jan_sector 5,7744.5957
2025 Jan_sector 6,11728.185
2025 Jan_sector 7,10001.763
2025 Jan_sector 8,9018.187
2025 Jan_sector 9,10301.628
2025 Jan_sector 10,8332.134
2025 Jan_sector 11,7567.3867
2025 Jan_sector 12,10435.516
2025 Jan_sector 13,21143.125
2025 Jan_sector 14,15361.089
2025 Jan_sector 15,23553.38
2025 Jan_sector 16,27540.744
2025 Jan_sector 17,26147.395
2025 Jan_sector 18,24832.217
2025 Jan_sector 19,16177.989
2025 Jan_sector 20,21721.746
2025 Jan_sector 21,22106.896
2025 Jan_sector 22,25569.049
2025 Jan_sector 23,23670.514
2025 Jan_sector 24,21642.088
2025 Jan_sector 25,29290.918
2025 Jan_sector 26,29173.477
2025 Jan_sector 27,29728.855
2025 Jan_sector 28,26465.043
2025 Jan_sector 29,26366.729
2025 Jan_sector 30,29401.992
2025 Jan_sector 31,23735.7
2025 Jan_sector 32,27324.115
2025 Jan_sector 33,29659.498
2025 Jan_sector 34,27366.002
2025 Jan_sector 35,26618.135
2025 Jan_sector 36,29054.04
2025 Jan_sector 37,6453.3594
2025 Jan_sector 38,4314.9976
2025 Jan_sector 39,3104.4136
2025 Jan_sector 40,2382.9224
2025 Jan_sector 41,5669.169
2025 Jan_sector 42,6116.737
2025 Jan_sector 43,4382.411
2025 Jan_sector 44,3096.0159
2025 Jan_sector 45,4027.258
2025 Jan_sector 46,2543.5188
2025 Jan_sector 47,2627.3247
2025 Jan_sector 48,4441.5303
2025 Jan_sector 49,9663.702
2025 Jan_sector 50,3615.6636
2025 Jan_sector 51,7211.42
2025 Jan_sector 52,6469.225
2025 Jan_sector 53,7771.34
2025 Jan_sector 54,6135.9917
2025 Jan_sector 55,0.0
2025 Jan_sector 56,4034.7324
2025 Jan_sector 57,4474.138
2025 Jan_sector 58,4137.5225
2025 Jan_sector 59,2472.266
2025 Jan_sector 60,4774.1177
2025 Jan_sector 61,29334.074
2025 Jan_sector 62,30546.365
2025 Jan_sector 63,31126.639
2025 Jan_sector 64,31326.027
2025 Jan_sector 65,35942.258
2025 Jan_sector 66,30027.887
2025 Jan_sector 67,16308.382
2025 Jan_sector 68,32800.36
2025 Jan_sector 69,35252.887
2025 Jan_sector 70,35047.94
2025 Jan_sector 71,34163.156
2025 Jan_sector 72,29334.074
2025 Jan_sector 73,62671.754
2025 Jan_sector 74,43447.39
2025 Jan_sector 75,40676.39
2025 Jan_sector 76,50937.28
2025 Jan_sector 77,44942.715
2025 Jan_sector 78,52073.363
2025 Jan_sector 79,42179.664
2025 Jan_sector 80,41021.004
2025 Jan_sector 81,41449.785
2025 Jan_sector 82,43243.73
2025 Jan_sector 83,52680.465
2025 Jan_sector 84,48199.27
2025 Jan_sector 85,17512.033
2025 Jan_sector 86,15208.623
2025 Jan_sector 87,15263.483
2025 Jan_sector 88,15383.039
2025 Jan_sector 89,21486.836
2025 Jan_sector 90,16864.484
2025 Jan_sector 91,10695.768
2025 Jan_sector 92,14712.168
2025 Jan_sector 93,15383.039
2025 Jan_sector 94,17506.287
2025 Jan_sector 95,16059.378
2025 Jan_sector 96,13768.423
2025 Feb_sector 1,6251.902
2025 Feb_sector 2,5197.1567
2025 Feb_sector 3,6114.734
2025 Feb_sector 4,7165.446
2025 Feb_sector 5,8425.24
2025 Feb_sector 6,1577.4888
2025 Feb_sector 7,9255.828
2025 Feb_sector 8,5488.7144
2025 Feb_sector 9,169.8522
2025 Feb_sector 10,0.0
2025 Feb_sector 11,170.04523
2025 Feb_sector 12,2227.2307
2025 Feb_sector 13,65291.65
2025 Feb_sector 14,69339.984
2025 Feb_sector 15,67300.875
2025 Feb_sector 16,63128.336
2025 Feb_sector 17,69367.125
2025 Feb_sector 18,64200.766
2025 Feb_sector 19,47596.71
2025 Feb_sector 20,70370.78
2025 Feb_sector 21,62999.555
2025 Feb_sector 22,69431.836
2025 Feb_sector 23,73609.07
2025 Feb_sector 24,65291.65
2025 Feb_sector 25,109231.96
2025 Feb_sector 26,127888.0
2025 Feb_sector 27,117259.6
2025 Feb_sector 28,120227.73
2025 Feb_sector 29,136256.8
2025 Feb_sector 30,105684.63
2025 Feb_sector 31,84117.086
2025 Feb_sector 32,125332.76
2025 Feb_sector 33,119156.79
2025 Feb_sector 34,118497.305
2025 Feb_sector 35,123404.62
2025 Feb_sector 36,122546.42
2025 Feb_sector 37,6771.469
2025 Feb_sector 38,8563.764
2025 Feb_sector 39,4966.291
2025 Feb_sector 40,5260.947
2025 Feb_sector 41,0.0
2025 Feb_sector 42,7141.1997
2025 Feb_sector 43,3182.6921
2025 Feb_sector 44,4453.204
2025 Feb_sector 45,5702.394
2025 Feb_sector 46,2525.9473
2025 Feb_sector 47,0.0
2025 Feb_sector 48,6473.4917
2025 Feb_sector 49,63174.23
2025 Feb_sector 50,66073.14
2025 Feb_sector 51,64165.477
2025 Feb_sector 52,66939.91
2025 Feb_sector 53,68270.984
2025 Feb_sector 54,69152.57
2025 Feb_sector 55,62876.49
2025 Feb_sector 56,64500.723
2025 Feb_sector 57,64290.195
2025 Feb_sector 58,63144.25
2025 Feb_sector 59,64469.75
2025 Feb_sector 60,63990.496
2025 Feb_sector 61,0.0
2025 Feb_sector 62,0.0
2025 Feb_sector 63,0.0
2025 Feb_sector 64,0.0
2025 Feb_sector 65,0.0
2025 Feb_sector 66,0.0
2025 Feb_sector 67,520.56604
2025 Feb_sector 68,0.0
2025 Feb_sector 69,0.0
2025 Feb_sector 70,0.0
2025 Feb_sector 71,0.0
2025 Feb_sector 72,0.0
2025 Feb_sector 73,32279.312
2025 Feb_sector 74,30553.246
2025 Feb_sector 75,32210.28
2025 Feb_sector 76,32807.76
2025 Feb_sector 77,29250.518
2025 Feb_sector 78,33064.996
2025 Feb_sector 79,28822.803
2025 Feb_sector 80,32459.674
2025 Feb_sector 81,32807.76
2025 Feb_sector 82,35014.85
2025 Feb_sector 83,28775.076
2025 Feb_sector 84,31926.67
2025 Feb_sector 85,30112.459
2025 Feb_sector 86,27537.096
2025 Feb_sector 87,28266.225
2025 Feb_sector 88,26984.277
2025 Feb_sector 89,23814.52
2025 Feb_sector 90,29904.988
2025 Feb_sector 91,21256.201
2025 Feb_sector 92,30021.791
2025 Feb_sector 93,27628.684
2025 Feb_sector 94,27124.896
2025 Feb_sector 95,27981.996
2025 Feb_sector 96,26750.006
2025 Mar_sector 1,29119.854
2025 Mar_sector 2,26378.791
2025 Mar_sector 3,25652.105
2025 Mar_sector 4,25464.951
2025 Mar_sector 5,29603.996
2025 Mar_sector 6,25790.234
2025 Mar_sector 7,22659.344
2025 Mar_sector 8,25544.965
2025 Mar_sector 9,25853.025
2025 Mar_sector 10,27879.121
2025 Mar_sector 11,26774.768
2025 Mar_sector 12,27145.676
2025 Mar_sector 13,121969.99
2025 Mar_sector 14,126110.52
2025 Mar_sector 15,119026.766
2025 Mar_sector 16,120675.086
2025 Mar_sector 17,130423.09
2025 Mar_sector 18,112493.57
2025 Mar_sector 19,90498.38
2025 Mar_sector 20,128837.086
2025 Mar_sector 21,122234.33
2025 Mar_sector 22,127950.65
2025 Mar_sector 23,119007.766
2025 Mar_sector 24,117471.98
2025 Mar_sector 25,9792.668
2025 Mar_sector 26,8532.622
2025 Mar_sector 27,9419.38
2025 Mar_sector 28,9460.114
2025 Mar_sector 29,3337.581
2025 Mar_sector 30,16460.297
2025 Mar_sector 31,11555.526
2025 Mar_sector 32,14124.876
2025 Mar_sector 33,11188.545
2025 Mar_sector 34,11889.572
2025 Mar_sector 35,8123.477
2025 Mar_sector 36,11387.579
2025 Mar_sector 37,12090.295
2025 Mar_sector 38,10122.713
2025 Mar_sector 39,10249.783
2025 Mar_sector 40,11669.221
2025 Mar_sector 41,10745.441
2025 Mar_sector 42,12397.638
2025 Mar_sector 43,12370.064
2025 Mar_sector 44,11281.603
2025 Mar_sector 45,11307.374
2025 Mar_sector 46,12944.731
2025 Mar_sector 47,11760.387
2025 Mar_sector 48,11725.569
2025 Mar_sector 49,15131.944
2025 Mar_sector 50,15270.047
2025 Mar_sector 51,15129.389
2025 Mar_sector 52,15003.121
2025 Mar_sector 53,22536.271
2025 Mar_sector 54,15891.436
2025 Mar_sector 55,13828.92
2025 Mar_sector 56,15604.548
2025 Mar_sector 57,15454.796
2025 Mar_sector 58,14897.748
2025 Mar_sector 59,13891.154
2025 Mar_sector 60,14775.744
2025 Mar_sector 61,25240.922
2025 Mar_sector 62,21906.016
2025 Mar_sector 63,22855.74
2025 Mar_sector 64,26171.064
2025 Mar_sector 65,37708.113
2025 Mar_sector 66,23844.818
2025 Mar_sector 67,21946.562
2025 Mar_sector 68,22957.818
2025 Mar_sector 69,23423.922
2025 Mar_sector 70,26065.002
2025 Mar_sector 71,22247.04
2025 Mar_sector 72,23611.727
2025 Mar_sector 73,73706.97
2025 Mar_sector 74,107791.44
2025 Mar_sector 75,80711.27
2025 Mar_sector 76,81113.74
2025 Mar_sector 77,96831.766
2025 Mar_sector 78,66950.81
2025 Mar_sector 79,51521.34
2025 Mar_sector 80,83426.39
2025 Mar_sector 81,80272.734
2025 Mar_sector 82,93777.84
2025 Mar_sector 83,105216.2
2025 Mar_sector 84,73797.43
2025 Mar_sector 85,4110.256
2025 Mar_sector 86,2126.0964
2025 Mar_sector 87,4579.377
2025 Mar_sector 88,4331.918
2025 Mar_sector 89,0.0
2025 Mar_sector 90,6676.8975
2025 Mar_sector 91,4045.313
2025 Mar_sector 92,4279.6963
2025 Mar_sector 93,4893.7363
2025 Mar_sector 94,5552.8506
2025 Mar_sector 95,2821.417
2025 Mar_sector 96,3995.6936
2025 Apr_sector 1,25054.857
2025 Apr_sector 2,30407.615
2025 Apr_sector 3,25593.564
2025 Apr_sector 4,27938.383
2025 Apr_sector 5,19175.96
2025 Apr_sector 6,25639.209
2025 Apr_sector 7,20225.986
2025 Apr_sector 8,25904.13
2025 Apr_sector 9,25460.053
2025 Apr_sector 10,26620.896
2025 Apr_sector 11,24609.861
2025 Apr_sector 12,24746.312
2025 Apr_sector 13,2506.6292
2025 Apr_sector 14,1962.9747
2025 Apr_sector 15,2425.7778
2025 Apr_sector 16,2890.503
2025 Apr_sector 17,2081.1414
2025 Apr_sector 18,5177.668
2025 Apr_sector 19,5920.6016
2025 Apr_sector 20,1868.1863
2025 Apr_sector 21,2506.6292
2025 Apr_sector 22,1868.1863
2025 Apr_sector 23,625.26733
2025 Apr_sector 24,3790.7644
2025 Apr_sector 25,16227.875
2025 Apr_sector 26,15680.58
2025 Apr_sector 27,15283.677
2025 Apr_sector 28,15707.616
2025 Apr_sector 29,15466.51
2025 Apr_sector 30,17231.928
2025 Apr_sector 31,15225.099
2025 Apr_sector 32,15740.625
2025 Apr_sector 33,15711.996
2025 Apr_sector 34,15365.654
2025 Apr_sector 35,13564.624
2025 Apr_sector 36,17124.203
2025 Apr_sector 37,0.0
2025 Apr_sector 38,0.0
2025 Apr_sector 39,0.0
2025 Apr_sector 40,0.0
2025 Apr_sector 41,0.0
2025 Apr_sector 42,742.8977
2025 Apr_sector 43,559.5061
2025 Apr_sector 44,0.0
2025 Apr_sector 45,0.0
2025 Apr_sector 46,0.0
2025 Apr_sector 47,0.0
2025 Apr_sector 48,0.0
2025 Apr_sector 49,20435.033
2025 Apr_sector 50,17773.664
2025 Apr_sector 51,18479.242
2025 Apr_sector 52,18570.953
2025 Apr_sector 53,16229.696
2025 Apr_sector 54,15923.848
2025 Apr_sector 55,12742.123
2025 Apr_sector 56,11674.178
2025 Apr_sector 57,15778.744
2025 Apr_sector 58,15974.707
2025 Apr_sector 59,14034.822
2025 Apr_sector 60,30411.65
2025 Apr_sector 61,0.0
2025 Apr_sector 62,0.0
2025 Apr_sector 63,0.0
2025 Apr_sector 64,0.0
2025 Apr_sector 65,6629.0537
2025 Apr_sector 66,0.0
2025 Apr_sector 67,0.0
2025 Apr_sector 68,0.0
2025 Apr_sector 69,251.24873
2025 Apr_sector 70,0.0
2025 Apr_sector 71,0.0
2025 Apr_sector 72,0.0
2025 Apr_sector 73,5896.031
2025 Apr_sector 74,3841.9583
2025 Apr_sector 75,4299.364
2025 Apr_sector 76,4505.655
2025 Apr_sector 77,8507.034
2025 Apr_sector 78,6384.4116
2025 Apr_sector 79,3627.6572
2025 Apr_sector 80,4177.7134
2025 Apr_sector 81,5003.591
2025 Apr_sector 82,4099.1743
2025 Apr_sector 83,4799.2607
2025 Apr_sector 84,5545.592
2025 Apr_sector 85,2937.5557
2025 Apr_sector 86,0.0
2025 Apr_sector 87,1817.9307
2025 Apr_sector 88,2336.0593
2025 Apr_sector 89,6295.931
2025 Apr_sector 90,3552.3906
2025 Apr_sector 91,0.0
2025 Apr_sector 92,716.50586
2025 Apr_sector 93,2127.9404
2025 Apr_sector 94,512.11084
2025 Apr_sector 95,0.0
2025 Apr_sector 96,2763.6858
2025 May_sector 1,830.81323
2025 May_sector 2,230.48436
2025 May_sector 3,815.2539
2025 May_sector 4,682.8612
2025 May_sector 5,2092.522
2025 May_sector 6,0.0
2025 May_sector 7,0.0
2025 May_sector 8,0.0
2025 May_sector 9,0.0
2025 May_sector 10,0.0
2025 May_sector 11,0.0
2025 May_sector 12,0.0
2025 May_sector 13,29418.723
2025 May_sector 14,27705.021
2025 May_sector 15,28102.963
2025 May_sector 16,28041.936
2025 May_sector 17,24597.049
2025 May_sector 18,28401.936
2025 May_sector 19,26254.777
2025 May_sector 20,27533.275
2025 May_sector 21,25890.879
2025 May_sector 22,28633.705
2025 May_sector 23,24663.344
2025 May_sector 24,27394.484
2025 May_sector 25,61924.0
2025 May_sector 26,65450.35
2025 May_sector 27,63814.418
2025 May_sector 28,63831.69
2025 May_sector 29,69178.37
2025 May_sector 30,59353.645
2025 May_sector 31,37898.246
2025 May_sector 32,66554.55
2025 May_sector 33,62936.34
2025 May_sector 34,65110.664
2025 May_sector 35,67069.96
2025 May_sector 36,60068.617
2025 May_sector 37,17946.28
2025 May_sector 38,15114.189
2025 May_sector 39,16256.3545
2025 May_sector 40,21624.832
2025 May_sector 41,19256.434
2025 May_sector 42,20301.525
2025 May_sector 43,16551.309
2025 May_sector 44,18581.512
2025 May_sector 45,19576.348
2025 May_sector 46,17885.182
2025 May_sector 47,19191.814
2025 May_sector 48,18299.969
2025 May_sector 49,56730.996
2025 May_sector 50,63105.785
2025 May_sector 51,61473.53
2025 May_sector 52,59853.555
2025 May_sector 53,89298.15
2025 May_sector 54,60466.367
2025 May_sector 55,44620.78
2025 May_sector 56,62179.812
2025 May_sector 57,64164.47
2025 May_sector 58,65893.74
2025 May_sector 59,70128.34
2025 May_sector 60,63046.03
2025 May_sector 61,7210.4814
2025 May_sector 62,5824.155
2025 May_sector 63,5819.7637
2025 May_sector 64,7175.1787
2025 May_sector 65,4174.538
2025 May_sector 66,8498.699
2025 May_sector 67,3749.8228
2025 May_sector 68,5618.941
2025 May_sector 69,7193.949
2025 May_sector 70,5951.2563
2025 May_sector 71,5623.9756
2025 May_sector 72,7096.9424
2025 May_sector 73,11670.874
2025 May_sector 74,14599.796
2025 May_sector 75,22106.057
2025 May_sector 76,15014.311
2025 May_sector 77,47126.684
2025 May_sector 78,11736.714
2025 May_sector 79,0.0
2025 May_sector 80,15282.161
2025 May_sector 81,16052.641
2025 May_sector 82,14520.864
2025 May_sector 83,21517.38
2025 May_sector 84,13151.925
2025 May_sector 85,13007.81
2025 May_sector 86,20896.613
2025 May_sector 87,20353.791
2025 May_sector 88,21476.385
2025 May_sector 89,15453.336
2025 May_sector 90,16795.691
2025 May_sector 91,9515.891
2025 May_sector 92,15313.09
2025 May_sector 93,19748.281
2025 May_sector 94,20189.482
2025 May_sector 95,20554.787
2025 May_sector 96,10712.911
2025 Jun_sector 1,0.0
2025 Jun_sector 2,0.0
2025 Jun_sector 3,0.0
2025 Jun_sector 4,0.0
2025 Jun_sector 5,2770.3865
2025 Jun_sector 6,0.0
2025 Jun_sector 7,0.0
2025 Jun_sector 8,0.0
2025 Jun_sector 9,0.0
2025 Jun_sector 10,0.0
2025 Jun_sector 11,0.0
2025 Jun_sector 12,0.0
2025 Jun_sector 13,89769.89
2025 Jun_sector 14,87080.125
2025 Jun_sector 15,92149.63
2025 Jun_sector 16,89009.805
2025 Jun_sector 17,98923.07
2025 Jun_sector 18,78240.516
2025 Jun_sector 19,58005.24
2025 Jun_sector 20,89325.57
2025 Jun_sector 21,87671.65
2025 Jun_sector 22,89279.02
2025 Jun_sector 23,88894.37
2025 Jun_sector 24,84217.09
2025 Jun_sector 25,5911.4062
2025 Jun_sector 26,6225.2017
2025 Jun_sector 27,6035.891
2025 Jun_sector 28,7991.0825
2025 Jun_sector 29,6415.3887
2025 Jun_sector 30,8030.083
2025 Jun_sector 31,8035.009
2025 Jun_sector 32,7328.272
2025 Jun_sector 33,8375.115
2025 Jun_sector 34,8034.3823
2025 Jun_sector 35,8546.164
2025 Jun_sector 36,8782.702
2025 Jun_sector 37,126735.76
2025 Jun_sector 38,122455.85
2025 Jun_sector 39,141044.03
2025 Jun_sector 40,130093.62
2025 Jun_sector 41,140277.22
2025 Jun_sector 42,118042.19
2025 Jun_sector 43,96248.19
2025 Jun_sector 44,128812.21
2025 Jun_sector 45,128145.26
2025 Jun_sector 46,142839.33
2025 Jun_sector 47,147315.38
2025 Jun_sector 48,127438.09
2025 Jun_sector 49,48148.883
2025 Jun_sector 50,20985.578
2025 Jun_sector 51,24464.424
2025 Jun_sector 52,20424.928
2025 Jun_sector 53,6503.415
2025 Jun_sector 54,17733.404
2025 Jun_sector 55,12360.574
2025 Jun_sector 56,21416.887
2025 Jun_sector 57,17299.926
2025 Jun_sector 58,19520.826
2025 Jun_sector 59,16484.023
2025 Jun_sector 60,17906.135
2025 Jun_sector 61,0.0
2025 Jun_sector 62,0.0
2025 Jun_sector 63,0.0
2025 Jun_sector 64,681.3636
2025 Jun_sector 65,5252.27
2025 Jun_sector 66,1291.0073
2025 Jun_sector 67,0.0
2025 Jun_sector 68,0.0
2025 Jun_sector 69,1594.8516
2025 Jun_sector 70,0.0
2025 Jun_sector 71,0.0
2025 Jun_sector 72,0.0
2025 Jun_sector 73,16294.53
2025 Jun_sector 74,12293.531
2025 Jun_sector 75,12521.557
2025 Jun_sector 76,13566.587
2025 Jun_sector 77,10800.427
2025 Jun_sector 78,15244.767
2025 Jun_sector 79,13615.615
2025 Jun_sector 80,12379.492
2025 Jun_sector 81,13003.142
2025 Jun_sector 82,12311.151
2025 Jun_sector 83,10845.341
2025 Jun_sector 84,13141.192
2025 Jun_sector 85,3774.8513
2025 Jun_sector 86,874.97546
2025 Jun_sector 87,0.0
2025 Jun_sector 88,4698.746
2025 Jun_sector 89,0.0
2025 Jun_sector 90,6136.4233
2025 Jun_sector 91,1438.6697
2025 Jun_sector 92,5378.699
2025 Jun_sector 93,4730.29
2025 Jun_sector 94,3240.8213
2025 Jun_sector 95,2926.6897
2025 Jun_sector 96,3508.5784
2025 Jul_sector 1,13333.703
2025 Jul_sector 2,13645.393
2025 Jul_sector 3,12982.35
2025 Jul_sector 4,12866.067
2025 Jul_sector 5,12500.618
2025 Jul_sector 6,14971.719
2025 Jul_sector 7,10661.885
2025 Jul_sector 8,13585.62
2025 Jul_sector 9,12777.0625
2025 Jul_sector 10,13153.201
2025 Jul_sector 11,12973.198
2025 Jul_sector 12,13333.703
2025 Jul_sector 13,2534.901
2025 Jul_sector 14,6466.4053
2025 Jul_sector 15,7000.232
2025 Jul_sector 16,4991.875
2025 Jul_sector 17,14897.57
2025 Jul_sector 18,6207.923
2025 Jul_sector 19,4613.064
2025 Jul_sector 20,4658.0474
2025 Jul_sector 21,4995.518
2025 Jul_sector 22,4559.4966
2025 Jul_sector 23,4778.2354
2025 Jul_sector 24,4474.0464
2025 Jul_sector 25,29045.477
2025 Jul_sector 26,27828.967
2025 Jul_sector 27,27341.426
2025 Jul_sector 28,24723.65
2025 Jul_sector 29,23892.115
2025 Jul_sector 30,31786.445
2025 Jul_sector 31,19553.69
2025 Jul_sector 32,25503.932
2025 Jul_sector 33,24583.67
2025 Jul_sector 34,25363.557
2025 Jul_sector 35,24416.428
2025 Jul_sector 36,27710.4
2025 Jul_sector 37,37116.68
2025 Jul_sector 38,39853.61
2025 Jul_sector 39,39021.53
2025 Jul_sector 40,37805.293
2025 Jul_sector 41,36255.703
2025 Jul_sector 42,36758.133
2025 Jul_sector 43,23020.777
2025 Jul_sector 44,38674.066
2025 Jul_sector 45,37297.055
2025 Jul_sector 46,39536.684
2025 Jul_sector 47,40073.316
2025 Jul_sector 48,37566.297
2025 Jul_sector 49,29918.234
2025 Jul_sector 50,18995.965
2025 Jul_sector 51,29666.992
2025 Jul_sector 52,28424.945
2025 Jul_sector 53,21908.02
2025 Jul_sector 54,20814.754
2025 Jul_sector 55,36292.44
2025 Jul_sector 56,28641.03
2025 Jul_sector 57,28491.342
2025 Jul_sector 58,28748.252
2025 Jul_sector 59,27600.639
2025 Jul_sector 60,27316.887
2025 Jul_sector 61,58563.527
2025 Jul_sector 62,53203.844
2025 Jul_sector 63,60366.7
2025 Jul_sector 64,46863.12
2025 Jul_sector 65,61941.082
2025 Jul_sector 66,59665.945
2025 Jul_sector 67,50591.812
2025 Jul_sector 68,52141.918
2025 Jul_sector 69,59316.027
2025 Jul_sector 70,51410.934
2025 Jul_sector 71,52552.69
2025 Jul_sector 72,47841.535
2025 Jul_sector 73,27501.871
2025 Jul_sector 74,23215.229
2025 Jul_sector 75,21853.926
2025 Jul_sector 76,21071.105
2025 Jul_sector 77,32344.42
2025 Jul_sector 78,22594.49
2025 Jul_sector 79,16724.523
2025 Jul_sector 80,22467.438
2025 Jul_sector 81,22192.283
2025 Jul_sector 82,22211.934
2025 Jul_sector 83,22517.682
2025 Jul_sector 84,22247.145
2025 Jul_sector 85,2631.218
2025 Jul_sector 86,5292.2837
2025 Jul_sector 87,1232.9941
2025 Jul_sector 88,0.0
2025 Jul_sector 89,19389.012
2025 Jul_sector 90,4798.4565
2025 Jul_sector 91,0.0
2025 Jul_sector 92,1339.0077
2025 Jul_sector 93,1211.4199
2025 Jul_sector 94,85.03367
2025 Jul_sector 95,4977.4365
2025 Jul_sector 96,534.33374
